title,author,link,comment_ID,time
"Weekly Help and Discussion Thread for the week of August 12, 2024",AmazonNewsBot,https://redd.it/1eq9pw2,1eq9pw2,2024-08-12 15:30:08
Meltdown Monday - Complaint Department,AmazonNewsBot,https://redd.it/1eqap47,1eqap47,2024-08-12 16:30:06
Insider Today: Amazon's MrBeast Problem,AmazonNewsBot,https://redd.it/1eq1w2e,1eq1w2e,2024-08-12 07:30:04
Amazon Fresh store to open Aug. 22 in Tinley Park - Chicago Tribune,AmazonNewsBot,https://redd.it/1eptxr9,1eptxr9,2024-08-12 01:30:04
"Instead Of Buying the Dip On &quot;Magnificent Seven&quot; Stocks Like Amazon, Consider This Growth Stock",AmazonNewsBot,https://redd.it/1eplgnl,1eplgnl,2024-08-11 19:30:04
Streaming Sunday - Amazon Prime Video,AmazonNewsBot,https://redd.it/1epi4xv,1epi4xv,2024-08-11 16:30:03
"The next big work perk? Getting your Amazon packages at the office. (Thanks, porch pirates.)",AmazonNewsBot,https://redd.it/1ep1xpb,1ep1xpb,2024-08-11 01:30:04
Echo & Alexa Saturday - Virtual Assistants,AmazonNewsBot,https://redd.it/1eoqbrs,1eoqbrs,2024-08-10 16:30:04
Amazon axes a major fee for sellers ahead of the crucial holiday shopping rush - Fortune,AmazonNewsBot,https://redd.it/1eo0fy5,1eo0fy5,2024-08-09 19:30:04
Fire TV Friday - Fire TV Cube and Stick,AmazonNewsBot,https://redd.it/1enws6a,1enws6a,2024-08-09 16:30:04
Amazon defends $4B Anthropic AI deal from UK monopoly concerns | Ars Technica,AmazonNewsBot,https://redd.it/1ennuo5,1ennuo5,2024-08-09 07:30:04
The New A.I. Deal: Buy Everything but the Company - The New York Times,AmazonNewsBot,https://redd.it/1enfq9r,1enfq9r,2024-08-09 01:30:04
Amazon's $4 billion investment in AI firm Anthropic faces UK merger investigation - CNBC,AmazonNewsBot,https://redd.it/1en6px4,1en6px4,2024-08-08 19:30:04
Review Thursday - All about Reviews,AmazonNewsBot,https://redd.it/1en2zsi,1en2zsi,2024-08-08 16:30:03
"Amazon, Microsoft Keep Data Center Spending Spree Going - Bloomberg",AmazonNewsBot,https://redd.it/1emlqq1,1emlqq1,2024-08-08 01:30:04
Amazon Music's new AI feature lets you browse podcast episodes by topic - TechCrunch,AmazonNewsBot,https://redd.it/1emcjgp,1emcjgp,2024-08-07 19:30:04
Worker Wednesday - Workers and Sellers,AmazonNewsBot,https://redd.it/1em8ujf,1em8ujf,2024-08-07 16:30:39
Amazon's stock selloff enticed Cathie Wood's ETFs to start buying - MarketWatch,AmazonNewsBot,https://redd.it/1elzwb2,1elzwb2,2024-08-07 07:30:04
Why Amazon Stock Fell 9% In A Day? - Forbes,AmazonNewsBot,https://redd.it/1elrjt3,1elrjt3,2024-08-07 01:30:04
'Road House' Star Daniela Melchior Joins Peter Farrelly's 'Balls Up' - Deadline,AmazonNewsBot,https://redd.it/1elij17,1elij17,2024-08-06 19:30:04
Tablet Tuesday - Kindle and Fire Tablet,AmazonNewsBot,https://redd.it/1elesmc,1elesmc,2024-08-06 16:30:03
'Fallout' Amazon FYC Stunt Strikes Deals With 33 L.A. Businesses - Variety,AmazonNewsBot,https://redd.it/1ekximt,1ekximt,2024-08-06 01:30:04
Amazon Owns Stock in 10 Companies. Are Any Buys? - The Motley Fool,AmazonNewsBot,https://redd.it/1el5v0h,1el5v0h,2024-08-06 07:30:04
"Weekly Help and Discussion Thread for the week of August 05, 2024",AmazonNewsBot,https://redd.it/1ekjyfn,1ekjyfn,2024-08-05 15:30:07
Meltdown Monday - Complaint Department,AmazonNewsBot,https://redd.it/1ekkwxa,1ekkwxa,2024-08-05 16:30:05
Streaming Sunday - Amazon Prime Video,AmazonNewsBot,https://redd.it/1ejslos,1ejslos,2024-08-04 16:30:04
"Jeff Bezos loses $21 billion in net worth, a dive topped only by the wipeout after his divorce deal",AmazonNewsBot,https://redd.it/1ej40q9,1ej40q9,2024-08-03 19:30:05
Echo & Alexa Saturday - Virtual Assistants,AmazonNewsBot,https://redd.it/1ej0lxq,1ej0lxq,2024-08-03 16:30:05
Why Amazon stock was taking a dive today,AmazonNewsBot,https://redd.it/1eijnhg,1eijnhg,2024-08-03 01:30:04
Amazon's stock flashes this downtrend warning for the first time in over a year - MarketWatch,AmazonNewsBot,https://redd.it/1eirnok,1eirnok,2024-08-03 07:30:03
Fire TV Friday - Fire TV Cube and Stick,AmazonNewsBot,https://redd.it/1ei753e,1ei753e,2024-08-02 16:30:04
"Amazon reports $13.5 billion profit in second quarter, driven by AWS | The Seattle Times",AmazonNewsBot,https://redd.it/1eias7r,1eias7r,2024-08-02 19:30:04
"Amazon Cautions That When the News Gets Nutty, People Shop Less",AmazonNewsBot,https://redd.it/1ehybba,1ehybba,2024-08-02 07:30:04
Live updates: Amazon to report quarterly earnings today after market close,AmazonNewsBot,https://redd.it/1ehq743,1ehq743,2024-08-02 01:30:04
Review Thursday - All about Reviews,AmazonNewsBot,https://redd.it/1ehdssy,1ehdssy,2024-08-01 16:30:05
"Amazon Stock Is Beating S&amp;P500 In YTD Returns, What To Expect From Q2 Results?",AmazonNewsBot,https://redd.it/1ehheh9,1ehheh9,2024-08-01 19:30:04
"Amazon forced to recall 400K products that could kill, electrocute people | Ars Technica",AmazonNewsBot,https://redd.it/1egnwqq,1egnwqq,2024-07-31 19:30:04
Amazon earnings come with a higher bar this time around - MarketWatch,AmazonNewsBot,https://redd.it/1eh4zft,1eh4zft,2024-08-01 07:30:04
'Every Summer After' Series Adaptation Ordered at Amazon - Variety,AmazonNewsBot,https://redd.it/1egwspr,1egwspr,2024-08-01 01:30:04
Amazon CEO Andy Jassy says you don't have to be nice to earn trust at work - Fortune,AmazonNewsBot,https://redd.it/1egbf9w,1egbf9w,2024-07-31 07:30:04
Worker Wednesday - Workers and Sellers,AmazonNewsBot,https://redd.it/1egk9y2,1egk9y2,2024-07-31 16:30:05
"Amazon is responsible for dangerous products sold on its site, federal agency rules",AmazonNewsBot,https://redd.it/1eg32lx,1eg32lx,2024-07-31 01:30:04
Big Tech Earnings Preview: Meta and Amazon - Bloomberg,AmazonNewsBot,https://redd.it/1efu2qw,1efu2qw,2024-07-30 19:30:03
Tablet Tuesday - Kindle and Fire Tablet,AmazonNewsBot,https://redd.it/1efqffq,1efqffq,2024-07-30 16:30:04
Like A Dragon: Yakuza Trailer Unveiled At Comic-Con - Deadline,AmazonNewsBot,https://redd.it/1efhl7p,1efhl7p,2024-07-30 07:30:04
"Weekly Help and Discussion Thread for the week of July 29, 2024",AmazonNewsBot,https://redd.it/1eevo3i,1eevo3i,2024-07-29 15:30:06
Meltdown Monday - Complaint Department,AmazonNewsBot,https://redd.it/1eewma7,1eewma7,2024-07-29 16:30:06
Amazon Prime Video Schedule July 29-August 4 2024: New TV Shows &amp; Movies Being Added,AmazonNewsBot,https://redd.it/1eeg89v,1eeg89v,2024-07-29 01:30:04
Streaming Sunday - Amazon Prime Video,AmazonNewsBot,https://redd.it/1ee4v72,1ee4v72,2024-07-28 16:30:05
Is Shopify the Next Amazon? | The Motley Fool,AmazonNewsBot,https://redd.it/1ee82ms,1ee82ms,2024-07-28 19:30:08
"Charles Barkley open to joining ESPN, NBC and Amazon if TNT doesn't honor deal",AmazonNewsBot,https://redd.it/1edp4eb,1edp4eb,2024-07-28 01:30:04
'American Rust' Canceled at Amazon After Streamer Rescued Show for Season 2 - Variety,AmazonNewsBot,https://redd.it/1edh0yu,1edh0yu,2024-07-27 19:30:04
Echo & Alexa Saturday - Virtual Assistants,AmazonNewsBot,https://redd.it/1eddpya,1eddpya,2024-07-27 16:30:04
Charles Barkley: NBA chose 'money over the fans' by picking Amazon over TNT,AmazonNewsBot,https://redd.it/1ecxf3w,1ecxf3w,2024-07-27 01:30:04
Warner Bros. Discovery Sues NBA Over Amazon Deal - Forbes,AmazonNewsBot,https://redd.it/1ed576s,1ed576s,2024-07-27 07:30:04
"No, Amazon isn't texting you. It's a scam - Fox Business",AmazonNewsBot,https://redd.it/1ecot4q,1ecot4q,2024-07-26 19:30:04
Fire TV Friday - Fire TV Cube and Stick,AmazonNewsBot,https://redd.it/1ecl89i,1ecl89i,2024-07-26 16:30:04
"'The Boys' Season 4 Draws More Than 55 Million Viewers, Amazon Says - Variety",AmazonNewsBot,https://redd.it/1ec4eso,1ec4eso,2024-07-26 01:30:05
Here's what the NBA's new media deal means for hoops fans - NBC News,AmazonNewsBot,https://redd.it/1eccgvw,1eccgvw,2024-07-26 07:30:03
Prime Day's Over but the 10th-Gen iPad Is Still Just $300 at Amazon - CNET,AmazonNewsBot,https://redd.it/1ebvm2v,1ebvm2v,2024-07-25 19:30:04
"NBA rejects Warner Bros. Discovery, will enter into rights deal with Amazon - CBS News",AmazonNewsBot,https://redd.it/1ebj5t0,1ebj5t0,2024-07-25 07:30:03
Review Thursday - All about Reviews,AmazonNewsBot,https://redd.it/1ebs0nb,1ebs0nb,2024-07-25 16:30:04
Worker Wednesday - Workers and Sellers,AmazonNewsBot,https://redd.it/1eayle5,1eayle5,2024-07-24 16:30:05
"With New Prime Video App, Amazon Leans On Accessibility To Steward 'The World's Most ... - Forbes",AmazonNewsBot,https://redd.it/1eb26zw,1eb26zw,2024-07-24 19:30:04
Amazon's paid Alexa is coming to fill a $25 billion hole dug by Echo devices - The Verge,AmazonNewsBot,https://redd.it/1eahgaj,1eahgaj,2024-07-24 01:30:04
"More than 100 workers walk off job at Amazon air hub, Teamsters say, in wake of record Prime Day",AmazonNewsBot,https://redd.it/1ea8jz6,1ea8jz6,2024-07-23 19:30:05
"Alexa had “no profit timeline,” cost Amazon $25 billion in 4 years | Ars Technica",AmazonNewsBot,https://redd.it/1eappjj,1eappjj,2024-07-24 07:30:04
Tablet Tuesday - Kindle and Fire Tablet,AmazonNewsBot,https://redd.it/1ea4z17,1ea4z17,2024-07-23 16:30:05
"TNT Sports plans to match Amazon's media rights package, forcing NBA staredown",AmazonNewsBot,https://redd.it/1e9w36y,1e9w36y,2024-07-23 07:30:04
"Amazon MGM Buys Bray Studios, Where 'Rings of Power' Filmed - Variety",AmazonNewsBot,https://redd.it/1e9f0h0,1e9f0h0,2024-07-22 19:30:04
"Weekly Help and Discussion Thread for the week of July 22, 2024",AmazonNewsBot,https://redd.it/1e9ag5k,1e9ag5k,2024-07-22 15:30:09
Meltdown Monday - Complaint Department,AmazonNewsBot,https://redd.it/1e9beol,1e9beol,2024-07-22 16:30:06
"As Amazon Prime Day Hits Records, Is Now a Great Opportunity to Buy Amazon Stock?",AmazonNewsBot,https://redd.it/1e8v3qd,1e8v3qd,2024-07-22 01:30:04
Amazon Could Help Fix Its Troubled Grocery Business — by Expanding It,AmazonNewsBot,https://redd.it/1e8mymc,1e8mymc,2024-07-21 19:30:04
Streaming Sunday - Amazon Prime Video,AmazonNewsBot,https://redd.it/1e8jr25,1e8jr25,2024-07-21 16:30:04
Echo & Alexa Saturday - Virtual Assistants,AmazonNewsBot,https://redd.it/1e7t1kb,1e7t1kb,2024-07-20 16:30:04
Amazon cracking down on and speaking to RTO holdouts - Fortune,AmazonNewsBot,https://redd.it/1e7kny6,1e7kny6,2024-07-20 07:30:04
Amazon's Prime Day brings record sales again as shoppers hunt for deals,AmazonNewsBot,https://redd.it/1e74fri,1e74fri,2024-07-19 19:30:04
Fire TV Friday - Fire TV Cube and Stick,AmazonNewsBot,https://redd.it/1e70yl8,1e70yl8,2024-07-19 16:30:03
"Amazon Prime Day 2024 is officially over: Here were the most common questions, plus last ...",AmazonNewsBot,https://redd.it/1e6kkvf,1e6kkvf,2024-07-19 01:30:04
Review Thursday - All about Reviews,AmazonNewsBot,https://redd.it/1e68lsy,1e68lsy,2024-07-18 16:30:04
Which Kindle To Pick For Amazon Prime Day - Forbes,AmazonNewsBot,https://redd.it/1e6c5d0,1e6c5d0,2024-07-18 19:30:04
This is the last day of Amazon Prime Day. These are the 25 best deals - MarketWatch,AmazonNewsBot,https://redd.it/1e5zx8d,1e5zx8d,2024-07-18 07:30:04
Worker Wednesday - Workers and Sellers,AmazonNewsBot,https://redd.it/1e5fc2e,1e5fc2e,2024-07-17 16:30:05
Score Prime Video streaming channels for 99 cents as an Amazon Prime Day deal,AmazonNewsBot,https://redd.it/1e56f7e,1e56f7e,2024-07-17 07:30:04
"13 Amazon Prime Day 2024 device deals including Echo Show, Fire Tablet and more",AmazonNewsBot,https://redd.it/1e4y9ge,1e4y9ge,2024-07-17 01:30:04
Early Amazon Prime Day deal: 40% off Carnival cruises. Is it worth it? - MarketWatch,AmazonNewsBot,https://redd.it/1e4pdqs,1e4pdqs,2024-07-16 19:30:04
"Dirty diaper resold on Amazon ruined a family business, report says - Ars Technica",AmazonNewsBot,https://redd.it/1e4cttu,1e4cttu,2024-07-16 07:30:04
Tablet Tuesday - Kindle and Fire Tablet,AmazonNewsBot,https://redd.it/1e4lqq4,1e4lqq4,2024-07-16 16:30:04
Shooting reported at Amazon fulfillment center in Chicago suburb - CBS News,AmazonNewsBot,https://redd.it/1e3vhnq,1e3vhnq,2024-07-15 19:30:04
